[{"line":4,"elements":[{"start_timestamp":"2024-01-06T12:42:10.523Z","line":13,"name":"Check login is successful with valid credentials","description":"","id":"feature-to-test-login-functionality;check-login-is-successful-with-valid-credentials;;2","type":"scenario","keyword":"Scenario Outline","steps":[{"result":{"duration":3000000,"status":"passed"},"line":7,"name":"user is on login page","match":{"location":"StepDefinitions.LoginSteps.user_is_on_login_page()"},"keyword":"Given "},{"result":{"status":"undefined"},"line":8,"name":"user enters \"user1\" and pass1","match":{},"keyword":"When "},{"result":{"status":"skipped"},"line":9,"name":"clicks on login button","match":{"location":"StepDefinitions.LoginSteps.clicks_on_login_button()"},"keyword":"And "},{"result":{"status":"skipped"},"line":10,"name":"user is navigated to home page","match":{"location":"StepDefinitions.LoginSteps.user_is_navigated_to_home_page(io.cucumber.datatable.DataTable)"},"keyword":"Then "}]},{"start_timestamp":"2024-01-06T12:42:10.647Z","line":14,"name":"Check login is successful with valid credentials","description":"","id":"feature-to-test-login-functionality;check-login-is-successful-with-valid-credentials;;3","type":"scenario","keyword":"Scenario Outline","steps":[{"result":{"duration":1000000,"status":"passed"},"line":7,"name":"user is on login page","match":{"location":"StepDefinitions.LoginSteps.user_is_on_login_page()"},"keyword":"Given "},{"result":{"status":"undefined"},"line":8,"name":"user enters \"user2\" and pass2","match":{},"keyword":"When "},{"result":{"duration":1000000,"status":"skipped"},"line":9,"name":"clicks on login button","match":{"location":"StepDefinitions.LoginSteps.clicks_on_login_button()"},"keyword":"And "},{"result":{"status":"skipped"},"line":10,"name":"user is navigated to home page","match":{"location":"StepDefinitions.LoginSteps.user_is_navigated_to_home_page(io.cucumber.datatable.DataTable)"},"keyword":"Then "}]}],"name":"feature to test login functionality","description":"","id":"feature-to-test-login-functionality","keyword":"Feature","uri":"file:src/test/resources/Features/Login.feature","tags":[]}]