[{"line":1,"elements":[{"start_timestamp":"2024-01-08T17:37:14.316Z","line":10,"name":"Test login with valid credentials","description":"","id":"test-mywebsite;test-login-with-valid-credentials;;2","type":"scenario","keyword":"Scenario Outline","steps":[{"result":{"duration":6026472700,"status":"passed"},"line":4,"name":"Open the Chrome and start the application","match":{"location":"StepDefinitions.MyWebsiteSteps.open_the_chrome_and_start_the_application()"},"keyword":"Given "},{"result":{"duration":207436900,"status":"passed"},"line":5,"name":"I enter valid \"admin\" and valid \"admin123\"","match":{"arguments":[{"val":"\"admin\"","offset":14},{"val":"\"admin123\"","offset":32}],"location":"StepDefinitions.MyWebsiteSteps.i_enter_valid_username_and_valid_password(java.lang.String,java.lang.String)"},"keyword":"When "},{"result":{"duration":8934291300,"status":"passed"},"line":6,"name":"user should be able to login successfully","match":{"location":"StepDefinitions.MyWebsiteSteps.user_should_be_able_to_login_successfully()"},"keyword":"Then "}]}],"name":"Test MyWebsite","description":"","id":"test-mywebsite","keyword":"Feature","uri":"file:src/test/resources/Features/MyWebsite.feature","tags":[]}]